{
  "info": {
    "name": "Mahnatk API",
    "_postman_id": "mahnatk-collection",
    "schema": "https://schema.getpostman.com/json/collection/v2.1.0/collection.json"
  },
  "item": [
    {
      "name": "Auth - Register",
      "request": {
        "method": "POST",
        "header": [
          {
            "key": "Content-Type",
            "value": "application/json"
          }
        ],
        "url": {
          "raw": "{{base}}/api/auth/register",
          "host": [
            "{{base}}"
          ],
          "path": [
            "api",
            "auth",
            "register"
          ]
        },
        "body": {
          "mode": "raw",
          "raw": "{\"name\":\"User\",\"email\":\"user@example.com\",\"password\":\"password\",\"role\":\"Customer\"}"
        }
      }
    },
    {
      "name": "Auth - Login",
      "request": {
        "method": "POST",
        "header": [
          {
            "key": "Content-Type",
            "value": "application/json"
          }
        ],
        "url": {
          "raw": "{{base}}/api/auth/login",
          "host": [
            "{{base}}"
          ],
          "path": [
            "api",
            "auth",
            "login"
          ]
        },
        "body": {
          "mode": "raw",
          "raw": "{\"email\":\"user@example.com\",\"password\":\"password\"}"
        }
      }
    },
    {
      "name": "Jobs - Create",
      "request": {
        "method": "POST",
        "header": [
          {
            "key": "Content-Type",
            "value": "application/json"
          }
        ],
        "url": {
          "raw": "{{base}}/api/jobs",
          "host": [
            "{{base}}"
          ],
          "path": [
            "api",
            "jobs"
          ]
        },
        "body": {
          "mode": "raw",
          "raw": "{\"title\":\"تصليح تسريب\",\"description\":\"يوجد تسريب في المطبخ\",\"city\":\"الرياض\"}"
        }
      }
    }
  ],
  "variable": [
    {
      "key": "base",
      "value": "http://localhost:8000"
    }
  ]
}